SECTION,Timestamp,Name,First preference,Second preference,Third preference,Fourth preference,,,,,,,,,
101,1/17/2023 23:03:20,,"101 - Wed 11am-12pm, 540 Cory","103 - Thu 10-11am, 540 Cory",I have a schedule conflict which prevents me from attending other section times except for the one(s) listed as higher preferences,I have a schedule conflict which prevents me from attending other section times except for the one(s) listed as higher preferences,,,,,,,,,
101,1/17/2023 14:27:59,,"101 - Wed 11am-12pm, 540 Cory","103 - Thu 10-11am, 540 Cory",I have a schedule conflict which prevents me from attending other section times except for the one(s) listed as higher preferences,"102 - Fri 1-2pm, 310 Soda",,,,,,,,,
101,1/17/2023 17:43:25,,"101 - Wed 11am-12pm, 540 Cory","102 - Fri 1-2pm, 310 Soda",I have a schedule conflict which prevents me from attending other section times except for the one(s) listed as higher preferences,I have a schedule conflict which prevents me from attending other section times except for the one(s) listed as higher preferences,,,,,,,,,
101,1/18/2023 8:10:35,,"101 - Wed 11am-12pm, 540 Cory","104 - Wed 2-3pm, 320 Soda","103 - Thu 10-11am, 540 Cory","102 - Fri 1-2pm, 310 Soda",,,,,,,,,
101,1/17/2023 22:15:03,,"101 - Wed 11am-12pm, 540 Cory","103 - Thu 10-11am, 540 Cory","104 - Wed 2-3pm, 320 Soda","102 - Fri 1-2pm, 310 Soda",,,,,,,,,
101,1/19/2023 0:28:12,,"101 - Wed 11am-12pm, 540 Cory","103 - Thu 10-11am, 540 Cory",I have a schedule conflict which prevents me from attending other section times except for the one(s) listed as higher preferences,I have a schedule conflict which prevents me from attending other section times except for the one(s) listed as higher preferences,,,,,,,,,
101,1/17/2023 16:08:23,,"101 - Wed 11am-12pm, 540 Cory","103 - Thu 10-11am, 540 Cory","102 - Fri 1-2pm, 310 Soda",I have a schedule conflict which prevents me from attending other section times except for the one(s) listed as higher preferences,,,,,,,,,
101,1/17/2023 23:04:19,,"101 - Wed 11am-12pm, 540 Cory","103 - Thu 10-11am, 540 Cory",I have a schedule conflict which prevents me from attending other section times except for the one(s) listed as higher preferences,I have a schedule conflict which prevents me from attending other section times except for the one(s) listed as higher preferences,,,,,,,,,
101,1/18/2023 15:16:14,,"101 - Wed 11am-12pm, 540 Cory","103 - Thu 10-11am, 540 Cory",I have a schedule conflict which prevents me from attending other section times except for the one(s) listed as higher preferences,I have a schedule conflict which prevents me from attending other section times except for the one(s) listed as higher preferences,,,,,,,,,
101,1/19/2023 19:02:59,,"101 - Wed 11am-12pm, 540 Cory","103 - Thu 10-11am, 540 Cory","102 - Fri 1-2pm, 310 Soda",I have a schedule conflict which prevents me from attending other section times except for the one(s) listed as higher preferences,,,,,,,,,
101,1/18/2023 9:15:43,,"101 - Wed 11am-12pm, 540 Cory","104 - Wed 2-3pm, 320 Soda","102 - Fri 1-2pm, 310 Soda",I have a schedule conflict which prevents me from attending other section times except for the one(s) listed as higher preferences,,,,,,,,,
101,1/17/2023 12:49:49,,"101 - Wed 11am-12pm, 540 Cory","104 - Wed 2-3pm, 320 Soda","102 - Fri 1-2pm, 310 Soda",I have a schedule conflict which prevents me from attending other section times except for the one(s) listed as higher preferences,,,,,,,,,
101,1/17/2023 14:46:18,,"101 - Wed 11am-12pm, 540 Cory","104 - Wed 2-3pm, 320 Soda",I have a schedule conflict which prevents me from attending other section times except for the one(s) listed as higher preferences,I have a schedule conflict which prevents me from attending other section times except for the one(s) listed as higher preferences,,,,,,,,,
101,1/20/2023 8:04:51,,"101 - Wed 11am-12pm, 540 Cory","104 - Wed 2-3pm, 320 Soda","102 - Fri 1-2pm, 310 Soda",I have a schedule conflict which prevents me from attending other section times except for the one(s) listed as higher preferences,,,,,,,,,
101,1/20/2023 13:40:26,,"101 - Wed 11am-12pm, 540 Cory",I have a schedule conflict which prevents me from attending other section times except for the one(s) listed as higher preferences,I have a schedule conflict which prevents me from attending other section times except for the one(s) listed as higher preferences,I have a schedule conflict which prevents me from attending other section times except for the one(s) listed as higher preferences,,,,,,,,,
101,1/18/2023 11:48:56,,"101 - Wed 11am-12pm, 540 Cory",I have a schedule conflict which prevents me from attending other section times except for the one(s) listed as higher preferences,I have a schedule conflict which prevents me from attending other section times except for the one(s) listed as higher preferences,I have a schedule conflict which prevents me from attending other section times except for the one(s) listed as higher preferences,,,,,,,,,
101,1/17/2023 18:09:45,,"101 - Wed 11am-12pm, 540 Cory",I have a schedule conflict which prevents me from attending other section times except for the one(s) listed as higher preferences,I have a schedule conflict which prevents me from attending other section times except for the one(s) listed as higher preferences,I have a schedule conflict which prevents me from attending other section times except for the one(s) listed as higher preferences,,,,,,,,,
101,1/17/2023 17:54:34,,"101 - Wed 11am-12pm, 540 Cory",I have a schedule conflict which prevents me from attending other section times except for the one(s) listed as higher preferences,I have a schedule conflict which prevents me from attending other section times except for the one(s) listed as higher preferences,I have a schedule conflict which prevents me from attending other section times except for the one(s) listed as higher preferences,,,,,,,,,
101,1/17/2023 18:23:10,,"101 - Wed 11am-12pm, 540 Cory",I have a schedule conflict which prevents me from attending other section times except for the one(s) listed as higher preferences,I have a schedule conflict which prevents me from attending other section times except for the one(s) listed as higher preferences,I have a schedule conflict which prevents me from attending other section times except for the one(s) listed as higher preferences,,,,,,,,,
101,1/17/2023 17:53:30,,"101 - Wed 11am-12pm, 540 Cory",I have a schedule conflict which prevents me from attending other section times except for the one(s) listed as higher preferences,I have a schedule conflict which prevents me from attending other section times except for the one(s) listed as higher preferences,I have a schedule conflict which prevents me from attending other section times except for the one(s) listed as higher preferences,,,,,,,,,
101,1/24/2023 19:38:05,,"102 - Fri 1-2pm, 310 Soda",,,,,,,,,,,,
102,1/19/2023 15:39:49,,"102 - Fri 1-2pm, 310 Soda",I have a schedule conflict which prevents me from attending other section times except for the one(s) listed as higher preferences,I have a schedule conflict which prevents me from attending other section times except for the one(s) listed as higher preferences,I have a schedule conflict which prevents me from attending other section times except for the one(s) listed as higher preferences,,,,,,,,,
102,1/19/2023 14:15:23,,"104 - Wed 2-3pm, 320 Soda","102 - Fri 1-2pm, 310 Soda",I have a schedule conflict which prevents me from attending other section times except for the one(s) listed as higher preferences,I have a schedule conflict which prevents me from attending other section times except for the one(s) listed as higher preferences,,,,,,,,,
102,1/17/2023 21:23:56,,"104 - Wed 2-3pm, 320 Soda","102 - Fri 1-2pm, 310 Soda","103 - Thu 10-11am, 540 Cory","101 - Wed 11am-12pm, 540 Cory",,,,,,,,,
102,1/17/2023 14:59:19,,"104 - Wed 2-3pm, 320 Soda","102 - Fri 1-2pm, 310 Soda","103 - Thu 10-11am, 540 Cory",I have a schedule conflict which prevents me from attending other section times except for the one(s) listed as higher preferences,,,,,,,,,
102,1/17/2023 12:58:40,,"104 - Wed 2-3pm, 320 Soda","102 - Fri 1-2pm, 310 Soda","101 - Wed 11am-12pm, 540 Cory","103 - Thu 10-11am, 540 Cory",,,,,,,,,
102,1/17/2023 12:51:22,,"104 - Wed 2-3pm, 320 Soda","102 - Fri 1-2pm, 310 Soda","101 - Wed 11am-12pm, 540 Cory",I have a schedule conflict which prevents me from attending other section times except for the one(s) listed as higher preferences,,,,,,,,,
102,1/17/2023 14:59:38,,"104 - Wed 2-3pm, 320 Soda","102 - Fri 1-2pm, 310 Soda","103 - Thu 10-11am, 540 Cory","101 - Wed 11am-12pm, 540 Cory",,,,,,,,,
102,1/17/2023 12:48:38,,"104 - Wed 2-3pm, 320 Soda","102 - Fri 1-2pm, 310 Soda","103 - Thu 10-11am, 540 Cory",I have a schedule conflict which prevents me from attending other section times except for the one(s) listed as higher preferences,,,,,,,,,
102,1/17/2023 13:57:40,,"104 - Wed 2-3pm, 320 Soda","102 - Fri 1-2pm, 310 Soda","103 - Thu 10-11am, 540 Cory",I have a schedule conflict which prevents me from attending other section times except for the one(s) listed as higher preferences,,,,,,,,,
102,1/20/2023 23:27:28,,"102 - Fri 1-2pm, 310 Soda","103 - Thu 10-11am, 540 Cory",I have a schedule conflict which prevents me from attending other section times except for the one(s) listed as higher preferences,I have a schedule conflict which prevents me from attending other section times except for the one(s) listed as higher preferences,,,,,,,,,
102,1/19/2023 23:53:34,,"102 - Fri 1-2pm, 310 Soda","103 - Thu 10-11am, 540 Cory",I have a schedule conflict which prevents me from attending other section times except for the one(s) listed as higher preferences,I have a schedule conflict which prevents me from attending other section times except for the one(s) listed as higher preferences,,,,,,,,,
102,1/20/2023 17:27:40,,"102 - Fri 1-2pm, 310 Soda","103 - Thu 10-11am, 540 Cory","101 - Wed 11am-12pm, 540 Cory",I have a schedule conflict which prevents me from attending other section times except for the one(s) listed as higher preferences,,,,,,,,,
102,1/17/2023 17:20:41,,"102 - Fri 1-2pm, 310 Soda","103 - Thu 10-11am, 540 Cory",I have a schedule conflict which prevents me from attending other section times except for the one(s) listed as higher preferences,I have a schedule conflict which prevents me from attending other section times except for the one(s) listed as higher preferences,,,,,,,,,
102,1/18/2023 9:37:27,,"102 - Fri 1-2pm, 310 Soda","103 - Thu 10-11am, 540 Cory",I have a schedule conflict which prevents me from attending other section times except for the one(s) listed as higher preferences,I have a schedule conflict which prevents me from attending other section times except for the one(s) listed as higher preferences,,,,,,,,,
102,1/17/2023 22:17:18,,"102 - Fri 1-2pm, 310 Soda","104 - Wed 2-3pm, 320 Soda","103 - Thu 10-11am, 540 Cory",I have a schedule conflict which prevents me from attending other section times except for the one(s) listed as higher preferences,,,,,,,,,
102,1/17/2023 15:02:06,,"102 - Fri 1-2pm, 310 Soda","104 - Wed 2-3pm, 320 Soda","103 - Thu 10-11am, 540 Cory",I have a schedule conflict which prevents me from attending other section times except for the one(s) listed as higher preferences,,,,,,,,,
102,1/19/2023 14:21:18,,"102 - Fri 1-2pm, 310 Soda",I have a schedule conflict which prevents me from attending other section times except for the one(s) listed as higher preferences,I have a schedule conflict which prevents me from attending other section times except for the one(s) listed as higher preferences,I have a schedule conflict which prevents me from attending other section times except for the one(s) listed as higher preferences,,,,,,,,,
102,1/17/2023 14:59:36,,"102 - Fri 1-2pm, 310 Soda",I have a schedule conflict which prevents me from attending other section times except for the one(s) listed as higher preferences,I have a schedule conflict which prevents me from attending other section times except for the one(s) listed as higher preferences,I have a schedule conflict which prevents me from attending other section times except for the one(s) listed as higher preferences,,,,,,,,,
102,1/18/2023 9:45:29,,"102 - Fri 1-2pm, 310 Soda",I have a schedule conflict which prevents me from attending other section times except for the one(s) listed as higher preferences,I have a schedule conflict which prevents me from attending other section times except for the one(s) listed as higher preferences,I have a schedule conflict which prevents me from attending other section times except for the one(s) listed as higher preferences,,,,,,,,,
102,1/21/2023 19:39:11,,"102 - Fri 1-2pm, 310 Soda",I have a schedule conflict which prevents me from attending other section times except for the one(s) listed as higher preferences,I have a schedule conflict which prevents me from attending other section times except for the one(s) listed as higher preferences,I have a schedule conflict which prevents me from attending other section times except for the one(s) listed as higher preferences,,,,,,,,,
102,1/18/2023 16:03:38,,"102 - Fri 1-2pm, 310 Soda",I have a schedule conflict which prevents me from attending other section times except for the one(s) listed as higher preferences,I have a schedule conflict which prevents me from attending other section times except for the one(s) listed as higher preferences,I have a schedule conflict which prevents me from attending other section times except for the one(s) listed as higher preferences,,,,,,,,,
102,1/23/2023 23:00:19,,"102 - Fri 1-2pm, 310 Soda","102 - Fri 1-2pm, 310 Soda","102 - Fri 1-2pm, 310 Soda","102 - Fri 1-2pm, 310 Soda",,,,,,,,,
103,1/18/2023 9:08:22,,"103 - Thu 10-11am, 540 Cory","101 - Wed 11am-12pm, 540 Cory",I have a schedule conflict which prevents me from attending other section times except for the one(s) listed as higher preferences,I have a schedule conflict which prevents me from attending other section times except for the one(s) listed as higher preferences,,,,,,,,,
103,1/20/2023 17:20:33,,"103 - Thu 10-11am, 540 Cory","101 - Wed 11am-12pm, 540 Cory",I have a schedule conflict which prevents me from attending other section times except for the one(s) listed as higher preferences,I have a schedule conflict which prevents me from attending other section times except for the one(s) listed as higher preferences,,,,,,,,,
103,1/17/2023 15:08:58,,"103 - Thu 10-11am, 540 Cory","101 - Wed 11am-12pm, 540 Cory","104 - Wed 2-3pm, 320 Soda","102 - Fri 1-2pm, 310 Soda",,,,,,,,,
103,1/19/2023 17:47:45,,"103 - Thu 10-11am, 540 Cory","102 - Fri 1-2pm, 310 Soda",I have a schedule conflict which prevents me from attending other section times except for the one(s) listed as higher preferences,I have a schedule conflict which prevents me from attending other section times except for the one(s) listed as higher preferences,,,,,,,,,
103,1/19/2023 14:29:01,,"103 - Thu 10-11am, 540 Cory","102 - Fri 1-2pm, 310 Soda",I have a schedule conflict which prevents me from attending other section times except for the one(s) listed as higher preferences,I have a schedule conflict which prevents me from attending other section times except for the one(s) listed as higher preferences,,,,,,,,,
103,1/17/2023 15:06:51,,"103 - Thu 10-11am, 540 Cory","102 - Fri 1-2pm, 310 Soda",I have a schedule conflict which prevents me from attending other section times except for the one(s) listed as higher preferences,I have a schedule conflict which prevents me from attending other section times except for the one(s) listed as higher preferences,,,,,,,,,
103,1/20/2023 4:39:55,,"103 - Thu 10-11am, 540 Cory","102 - Fri 1-2pm, 310 Soda","101 - Wed 11am-12pm, 540 Cory","104 - Wed 2-3pm, 320 Soda",,,,,,,,,
103,1/17/2023 12:09:03,,"103 - Thu 10-11am, 540 Cory","104 - Wed 2-3pm, 320 Soda","101 - Wed 11am-12pm, 540 Cory","102 - Fri 1-2pm, 310 Soda",,,,,,,,,
103,1/17/2023 20:00:22,,"103 - Thu 10-11am, 540 Cory","104 - Wed 2-3pm, 320 Soda","101 - Wed 11am-12pm, 540 Cory","102 - Fri 1-2pm, 310 Soda",,,,,,,,,
103,1/18/2023 9:51:50,,"103 - Thu 10-11am, 540 Cory","104 - Wed 2-3pm, 320 Soda","102 - Fri 1-2pm, 310 Soda",I have a schedule conflict which prevents me from attending other section times except for the one(s) listed as higher preferences,,,,,,,,,
103,1/20/2023 22:12:22,,"103 - Thu 10-11am, 540 Cory","104 - Wed 2-3pm, 320 Soda",I have a schedule conflict which prevents me from attending other section times except for the one(s) listed as higher preferences,I have a schedule conflict which prevents me from attending other section times except for the one(s) listed as higher preferences,,,,,,,,,
103,1/17/2023 18:47:57,,"103 - Thu 10-11am, 540 Cory","104 - Wed 2-3pm, 320 Soda","102 - Fri 1-2pm, 310 Soda",I have a schedule conflict which prevents me from attending other section times except for the one(s) listed as higher preferences,,,,,,,,,
103,1/18/2023 15:29:22,,"103 - Thu 10-11am, 540 Cory",I have a schedule conflict which prevents me from attending other section times except for the one(s) listed as higher preferences,I have a schedule conflict which prevents me from attending other section times except for the one(s) listed as higher preferences,I have a schedule conflict which prevents me from attending other section times except for the one(s) listed as higher preferences,,,,,,,,,
103,1/19/2023 1:07:12,,"103 - Thu 10-11am, 540 Cory",I have a schedule conflict which prevents me from attending other section times except for the one(s) listed as higher preferences,I have a schedule conflict which prevents me from attending other section times except for the one(s) listed as higher preferences,I have a schedule conflict which prevents me from attending other section times except for the one(s) listed as higher preferences,,,,,,,,,
103,1/17/2023 12:10:30,,"103 - Thu 10-11am, 540 Cory",I have a schedule conflict which prevents me from attending other section times except for the one(s) listed as higher preferences,I have a schedule conflict which prevents me from attending other section times except for the one(s) listed as higher preferences,I have a schedule conflict which prevents me from attending other section times except for the one(s) listed as higher preferences,,,,,,,,,
103,1/17/2023 15:09:35,,"103 - Thu 10-11am, 540 Cory",I have a schedule conflict which prevents me from attending other section times except for the one(s) listed as higher preferences,I have a schedule conflict which prevents me from attending other section times except for the one(s) listed as higher preferences,I have a schedule conflict which prevents me from attending other section times except for the one(s) listed as higher preferences,,,,,,,,,
103,1/20/2023 21:16:46,,"103 - Thu 10-11am, 540 Cory",I have a schedule conflict which prevents me from attending other section times except for the one(s) listed as higher preferences,I have a schedule conflict which prevents me from attending other section times except for the one(s) listed as higher preferences,I have a schedule conflict which prevents me from attending other section times except for the one(s) listed as higher preferences,,,,,,,,,
103,1/19/2023 15:38:09,,"103 - Thu 10-11am, 540 Cory",I have a schedule conflict which prevents me from attending other section times except for the one(s) listed as higher preferences,I have a schedule conflict which prevents me from attending other section times except for the one(s) listed as higher preferences,I have a schedule conflict which prevents me from attending other section times except for the one(s) listed as higher preferences,,,,,,,,,
103,1/23/2023 12:45:40,,"103 - Thu 10-11am, 540 Cory","101 - Wed 11am-12pm, 540 Cory",I have a schedule conflict which prevents me from attending other section times except for the one(s) listed as higher preferences,I have a schedule conflict which prevents me from attending other section times except for the one(s) listed as higher preferences,,,,,,,,,
103,,,"103 - Thu 10-11am, 540 Cory",,,,,,,,,,,,
103,1/18/2023 7:34:27,,"104 - Wed 2-3pm, 320 Soda","101 - Wed 11am-12pm, 540 Cory","103 - Thu 10-11am, 540 Cory",I have a schedule conflict which prevents me from attending other section times except for the one(s) listed as higher preferences,,,,,,,,,
104,1/20/2023 2:09:41,,"103 - Thu 10-11am, 540 Cory","104 - Wed 2-3pm, 320 Soda","101 - Wed 11am-12pm, 540 Cory","102 - Fri 1-2pm, 310 Soda",,,,,,,,,
104,1/17/2023 15:05:41,,"104 - Wed 2-3pm, 320 Soda","101 - Wed 11am-12pm, 540 Cory",I have a schedule conflict which prevents me from attending other section times except for the one(s) listed as higher preferences,I have a schedule conflict which prevents me from attending other section times except for the one(s) listed as higher preferences,,,,,,,,,
104,1/19/2023 1:18:28,,"104 - Wed 2-3pm, 320 Soda","101 - Wed 11am-12pm, 540 Cory",I have a schedule conflict which prevents me from attending other section times except for the one(s) listed as higher preferences,I have a schedule conflict which prevents me from attending other section times except for the one(s) listed as higher preferences,,,,,,,,,
104,1/17/2023 15:09:29,,"104 - Wed 2-3pm, 320 Soda","101 - Wed 11am-12pm, 540 Cory","103 - Thu 10-11am, 540 Cory",I have a schedule conflict which prevents me from attending other section times except for the one(s) listed as higher preferences,,,,,,,,,
104,1/18/2023 23:33:08,,"104 - Wed 2-3pm, 320 Soda","101 - Wed 11am-12pm, 540 Cory","103 - Thu 10-11am, 540 Cory",I have a schedule conflict which prevents me from attending other section times except for the one(s) listed as higher preferences,,,,,,,,,
104,1/18/2023 19:13:45,,"104 - Wed 2-3pm, 320 Soda","101 - Wed 11am-12pm, 540 Cory","103 - Thu 10-11am, 540 Cory",I have a schedule conflict which prevents me from attending other section times except for the one(s) listed as higher preferences,,,,,,,,,
104,1/17/2023 17:12:21,,"104 - Wed 2-3pm, 320 Soda","101 - Wed 11am-12pm, 540 Cory",I have a schedule conflict which prevents me from attending other section times except for the one(s) listed as higher preferences,I have a schedule conflict which prevents me from attending other section times except for the one(s) listed as higher preferences,,,,,,,,,
104,1/17/2023 14:36:25,,"104 - Wed 2-3pm, 320 Soda","101 - Wed 11am-12pm, 540 Cory",I have a schedule conflict which prevents me from attending other section times except for the one(s) listed as higher preferences,I have a schedule conflict which prevents me from attending other section times except for the one(s) listed as higher preferences,,,,,,,,,
104,1/17/2023 15:59:18,,"104 - Wed 2-3pm, 320 Soda","101 - Wed 11am-12pm, 540 Cory",I have a schedule conflict which prevents me from attending other section times except for the one(s) listed as higher preferences,I have a schedule conflict which prevents me from attending other section times except for the one(s) listed as higher preferences,,,,,,,,,
104,1/18/2023 21:27:47,,"104 - Wed 2-3pm, 320 Soda","102 - Fri 1-2pm, 310 Soda",I have a schedule conflict which prevents me from attending other section times except for the one(s) listed as higher preferences,I have a schedule conflict which prevents me from attending other section times except for the one(s) listed as higher preferences,,,,,,,,,
104,1/17/2023 14:02:13,,"104 - Wed 2-3pm, 320 Soda","102 - Fri 1-2pm, 310 Soda","103 - Thu 10-11am, 540 Cory",I have a schedule conflict which prevents me from attending other section times except for the one(s) listed as higher preferences,,,,,,,,,
104,1/17/2023 23:25:25,,"104 - Wed 2-3pm, 320 Soda","103 - Thu 10-11am, 540 Cory","102 - Fri 1-2pm, 310 Soda",I have a schedule conflict which prevents me from attending other section times except for the one(s) listed as higher preferences,,,,,,,,,
104,1/19/2023 23:29:16,,"104 - Wed 2-3pm, 320 Soda","103 - Thu 10-11am, 540 Cory","102 - Fri 1-2pm, 310 Soda","101 - Wed 11am-12pm, 540 Cory",,,,,,,,,
104,1/17/2023 19:00:53,,"104 - Wed 2-3pm, 320 Soda","103 - Thu 10-11am, 540 Cory",I have a schedule conflict which prevents me from attending other section times except for the one(s) listed as higher preferences,I have a schedule conflict which prevents me from attending other section times except for the one(s) listed as higher preferences,,,,,,,,,
104,1/17/2023 13:22:23,,"104 - Wed 2-3pm, 320 Soda","103 - Thu 10-11am, 540 Cory","101 - Wed 11am-12pm, 540 Cory",I have a schedule conflict which prevents me from attending other section times except for the one(s) listed as higher preferences,,,,,,,,,
104,1/19/2023 13:00:31,,"104 - Wed 2-3pm, 320 Soda","103 - Thu 10-11am, 540 Cory",I have a schedule conflict which prevents me from attending other section times except for the one(s) listed as higher preferences,I have a schedule conflict which prevents me from attending other section times except for the one(s) listed as higher preferences,,,,,,,,,
104,1/20/2023 23:37:54,,"104 - Wed 2-3pm, 320 Soda","103 - Thu 10-11am, 540 Cory",I have a schedule conflict which prevents me from attending other section times except for the one(s) listed as higher preferences,I have a schedule conflict which prevents me from attending other section times except for the one(s) listed as higher preferences,,,,,,,,,
104,1/17/2023 14:58:45,,"104 - Wed 2-3pm, 320 Soda","103 - Thu 10-11am, 540 Cory",I have a schedule conflict which prevents me from attending other section times except for the one(s) listed as higher preferences,I have a schedule conflict which prevents me from attending other section times except for the one(s) listed as higher preferences,,,,,,,,,
104,1/19/2023 2:05:35,,"104 - Wed 2-3pm, 320 Soda","103 - Thu 10-11am, 540 Cory","101 - Wed 11am-12pm, 540 Cory","102 - Fri 1-2pm, 310 Soda",,,,,,,,,
104,1/19/2023 16:58:58,,"104 - Wed 2-3pm, 320 Soda","103 - Thu 10-11am, 540 Cory","101 - Wed 11am-12pm, 540 Cory","102 - Fri 1-2pm, 310 Soda",,,,,,,,,
104,1/17/2023 15:00:25,,"104 - Wed 2-3pm, 320 Soda",I have a schedule conflict which prevents me from attending other section times except for the one(s) listed as higher preferences,I have a schedule conflict which prevents me from attending other section times except for the one(s) listed as higher preferences,I have a schedule conflict which prevents me from attending other section times except for the one(s) listed as higher preferences,,,,,,,,,
104,1/17/2023 15:00:16,,"104 - Wed 2-3pm, 320 Soda",I have a schedule conflict which prevents me from attending other section times except for the one(s) listed as higher preferences,I have a schedule conflict which prevents me from attending other section times except for the one(s) listed as higher preferences,I have a schedule conflict which prevents me from attending other section times except for the one(s) listed as higher preferences,,,,,,,,,
104,1/30/2023 21:11:31,,"104 - Wed 2-3pm, 320 Soda","101 - Wed 11am-12pm, 540 Cory","102 - Fri 1-2pm, 310 Soda",,,,,,,,,,
101,1/17/2023 15:08:27,,"104 - Wed 2-3pm, 320 Soda","101 - Wed 11am-12pm, 540 Cory",I have a schedule conflict which prevents me from attending other section times except for the one(s) listed as higher preferences,I have a schedule conflict which prevents me from attending other section times except for the one(s) listed as higher preferences,,,,,,,,,
101,1/17/2023 16:12:46,,"101 - Wed 11am-12pm, 540 Cory","102 - Fri 1-2pm, 310 Soda",I have a schedule conflict which prevents me from attending other section times except for the one(s) listed as higher preferences,I have a schedule conflict which prevents me from attending other section times except for the one(s) listed as higher preferences,,,,,,,,,
101,1/20/2023 0:44:03,,"101 - Wed 11am-12pm, 540 Cory","102 - Fri 1-2pm, 310 Soda","103 - Thu 10-11am, 540 Cory","104 - Wed 2-3pm, 320 Soda",,,,,,,,,
101,1/20/2023 21:49:27,,"101 - Wed 11am-12pm, 540 Cory","103 - Thu 10-11am, 540 Cory",I have a schedule conflict which prevents me from attending other section times except for the one(s) listed as higher preferences,I have a schedule conflict which prevents me from attending other section times except for the one(s) listed as higher preferences,,,,,,,,,
101,1/17/2023 22:44:04,,"101 - Wed 11am-12pm, 540 Cory","103 - Thu 10-11am, 540 Cory",I have a schedule conflict which prevents me from attending other section times except for the one(s) listed as higher preferences,I have a schedule conflict which prevents me from attending other section times except for the one(s) listed as higher preferences,,,,,,,,,
101,1/20/2023 16:16:37,,"101 - Wed 11am-12pm, 540 Cory","104 - Wed 2-3pm, 320 Soda",I have a schedule conflict which prevents me from attending other section times except for the one(s) listed as higher preferences,I have a schedule conflict which prevents me from attending other section times except for the one(s) listed as higher preferences,,,,,,,,,
101,1/17/2023 13:46:22,,"101 - Wed 11am-12pm, 540 Cory",I have a schedule conflict which prevents me from attending other section times except for the one(s) listed as higher preferences,I have a schedule conflict which prevents me from attending other section times except for the one(s) listed as higher preferences,I have a schedule conflict which prevents me from attending other section times except for the one(s) listed as higher preferences,,,,,,,,,
102,1/19/2023 22:46:34,,"102 - Fri 1-2pm, 310 Soda","101 - Wed 11am-12pm, 540 Cory","103 - Thu 10-11am, 540 Cory","104 - Wed 2-3pm, 320 Soda",,,,,,,,,
102,1/20/2023 2:31:36,,"103 - Thu 10-11am, 540 Cory","102 - Fri 1-2pm, 310 Soda",I have a schedule conflict which prevents me from attending other section times except for the one(s) listed as higher preferences,I have a schedule conflict which prevents me from attending other section times except for the one(s) listed as higher preferences,,,,,,,,,
102,1/18/2023 1:14:52,,"103 - Thu 10-11am, 540 Cory","102 - Fri 1-2pm, 310 Soda","101 - Wed 11am-12pm, 540 Cory","102 - Fri 1-2pm, 310 Soda",,,,,,,,,
102,1/17/2023 20:46:13,,"102 - Fri 1-2pm, 310 Soda","103 - Thu 10-11am, 540 Cory","101 - Wed 11am-12pm, 540 Cory","104 - Wed 2-3pm, 320 Soda",,,,,,,,,
102,1/19/2023 23:57:40,,"102 - Fri 1-2pm, 310 Soda","103 - Thu 10-11am, 540 Cory","104 - Wed 2-3pm, 320 Soda",I have a schedule conflict which prevents me from attending other section times except for the one(s) listed as higher preferences,,,,,,,,,
102,1/17/2023 15:07:48,,"102 - Fri 1-2pm, 310 Soda","104 - Wed 2-3pm, 320 Soda","101 - Wed 11am-12pm, 540 Cory",I have a schedule conflict which prevents me from attending other section times except for the one(s) listed as higher preferences,,,,,,,,,
102,1/19/2023 18:19:08,,"102 - Fri 1-2pm, 310 Soda",I have a schedule conflict which prevents me from attending other section times except for the one(s) listed as higher preferences,I have a schedule conflict which prevents me from attending other section times except for the one(s) listed as higher preferences,I have a schedule conflict which prevents me from attending other section times except for the one(s) listed as higher preferences,,,,,,,,,
102,1/17/2023 21:11:49,,"103 - Thu 10-11am, 540 Cory","101 - Wed 11am-12pm, 540 Cory","104 - Wed 2-3pm, 320 Soda","102 - Fri 1-2pm, 310 Soda",,,,,,,,,
103,1/18/2023 21:24:11,,"103 - Thu 10-11am, 540 Cory","101 - Wed 11am-12pm, 540 Cory",I have a schedule conflict which prevents me from attending other section times except for the one(s) listed as higher preferences,I have a schedule conflict which prevents me from attending other section times except for the one(s) listed as higher preferences,,,,,,,,,
103,1/17/2023 19:07:09,,"103 - Thu 10-11am, 540 Cory","103 - Thu 10-11am, 540 Cory","103 - Thu 10-11am, 540 Cory",I have a schedule conflict which prevents me from attending other section times except for the one(s) listed as higher preferences,,,,,,,,,
103,1/17/2023 17:21:14,,"103 - Thu 10-11am, 540 Cory",I have a schedule conflict which prevents me from attending other section times except for the one(s) listed as higher preferences,I have a schedule conflict which prevents me from attending other section times except for the one(s) listed as higher preferences,I have a schedule conflict which prevents me from attending other section times except for the one(s) listed as higher preferences,,,,,,,,,
103,1/19/2023 14:27:40,,"103 - Thu 10-11am, 540 Cory",I have a schedule conflict which prevents me from attending other section times except for the one(s) listed as higher preferences,I have a schedule conflict which prevents me from attending other section times except for the one(s) listed as higher preferences,I have a schedule conflict which prevents me from attending other section times except for the one(s) listed as higher preferences,,,,,,,,,
103,1/20/2023 23:57:13,,"103 - Thu 10-11am, 540 Cory",I have a schedule conflict which prevents me from attending other section times except for the one(s) listed as higher preferences,I have a schedule conflict which prevents me from attending other section times except for the one(s) listed as higher preferences,I have a schedule conflict which prevents me from attending other section times except for the one(s) listed as higher preferences,,,,,,,,,
103,1/19/2023 16:15:01,,"103 - Thu 10-11am, 540 Cory",I have a schedule conflict which prevents me from attending other section times except for the one(s) listed as higher preferences,I have a schedule conflict which prevents me from attending other section times except for the one(s) listed as higher preferences,I have a schedule conflict which prevents me from attending other section times except for the one(s) listed as higher preferences,,,,,,,,,
103,1/17/2023 15:02:45,,"103 - Thu 10-11am, 540 Cory",I have a schedule conflict which prevents me from attending other section times except for the one(s) listed as higher preferences,I have a schedule conflict which prevents me from attending other section times except for the one(s) listed as higher preferences,I have a schedule conflict which prevents me from attending other section times except for the one(s) listed as higher preferences,,,,,,,,,
103,1/18/2023 19:58:41,,"103 - Thu 10-11am, 540 Cory",I have a schedule conflict which prevents me from attending other section times except for the one(s) listed as higher preferences,I have a schedule conflict which prevents me from attending other section times except for the one(s) listed as higher preferences,I have a schedule conflict which prevents me from attending other section times except for the one(s) listed as higher preferences,,,,,,,,,
104,1/18/2023 14:56:28,,"104 - Wed 2-3pm, 320 Soda","101 - Wed 11am-12pm, 540 Cory","103 - Thu 10-11am, 540 Cory","102 - Fri 1-2pm, 310 Soda",,,,,,,,,
104,1/20/2023 16:15:57,,"104 - Wed 2-3pm, 320 Soda","101 - Wed 11am-12pm, 540 Cory","103 - Thu 10-11am, 540 Cory","102 - Fri 1-2pm, 310 Soda",,,,,,,,,
104,1/17/2023 23:55:44,,"104 - Wed 2-3pm, 320 Soda","103 - Thu 10-11am, 540 Cory","102 - Fri 1-2pm, 310 Soda",I have a schedule conflict which prevents me from attending other section times except for the one(s) listed as higher preferences,,,,,,,,,
104,1/20/2023 23:45:04,,"104 - Wed 2-3pm, 320 Soda","103 - Thu 10-11am, 540 Cory",I have a schedule conflict which prevents me from attending other section times except for the one(s) listed as higher preferences,I have a schedule conflict which prevents me from attending other section times except for the one(s) listed as higher preferences,,,,,,,,,
104,1/17/2023 21:11:16,,"104 - Wed 2-3pm, 320 Soda",I have a schedule conflict which prevents me from attending other section times except for the one(s) listed as higher preferences,I have a schedule conflict which prevents me from attending other section times except for the one(s) listed as higher preferences,I have a schedule conflict which prevents me from attending other section times except for the one(s) listed as higher preferences,,,,,,,,,
104,1/23/2023 16:46:42,,"104 - Wed 2-3pm, 320 Soda","101 - Wed 11am-12pm, 540 Cory",I have a schedule conflict which prevents me from attending other section times except for the one(s) listed as higher preferences,I have a schedule conflict which prevents me from attending other section times except for the one(s) listed as higher preferences,,,,,,,,Section Preference Counts,
,,,,,,,,,,,,,,101:,26
,,,,,,,,,,,,,,102:,20
,,,,,,,,,,,,,,103:,32
,,,,,,,,,,,,,,104:,38